dataset,test__auroc_mean,test__auroc_std,test__auroc_n,test__bal_acc_mean,test__bal_acc_std,test__bal_acc_n,cx__n_leaves_struct_mean,cx__n_leaves_struct_std,cx__n_leaves_struct_n,cx__test_pathlen_decisions_mean_mean,cx__test_pathlen_decisions_mean_std,cx__test_pathlen_decisions_mean_n,time__final_fit_time_mean,time__final_fit_time_std,time__final_fit_time_n,time__final_infer_time_mean,time__final_infer_time_std,time__final_infer_time_n
openml_1046,0.944684502,0.001724198,5,0.907530683,0.005570924,5,8.6,0.547722558,5,3.197555484,0.014880121,5,0.022244915,0.005886479,5,0.000697087,3.33E-05,5
openml_1049,0.861035156,0.043659816,5,0.816319444,0.062107047,5,7.2,1.095445115,5,2.765753425,0.192278586,5,0.006775643,0.002813168,5,0.000545149,0.000133858,5
openml_1050,0.752402135,0.040842955,5,0.721174377,0.046597068,5,12.4,3.130495168,5,3.607028754,0.63721402,5,0.007136955,0.003829099,5,0.000458121,1.32E-05,5
openml_1053,0.708824174,0.020415725,5,0.657654651,0.015120279,5,11,3.31662479,5,3.552319706,0.52532268,5,0.027242657,0.015495945,5,0.000742676,6.62E-05,5
openml_1063,0.77584885,0.027491976,5,0.756900329,0.023174353,5,8,3.535533906,5,2.952380952,1.140016311,5,0.002203138,0.000317182,5,0.000430537,5.31E-05,5
openml_1067,0.778353803,0.011170479,5,0.718168498,0.015824504,5,11.6,3.646916506,5,3.665876777,0.350666867,5,0.002922069,0.000461964,5,0.000454378,3.51E-05,5
openml_1068,0.757326892,0.046608275,5,0.749758454,0.038096926,5,6.6,3.974921383,5,2.593693694,0.882114945,5,0.003723802,0.000770922,5,0.000406916,1.07E-05,5
openml_1116,0.999500774,0.001097851,5,0.99807454,0.002049723,5,2.8,1.303840481,5,1.381212121,0.527356098,5,0.019907492,0.016124482,5,0.001165951,0.000204034,5
openml_1120,0.827289311,0.059673593,5,0.75429755,0.05509657,5,14.8,1.303840481,5,3.983228181,0.021928451,5,0.085429198,0.029564509,5,0.000894884,3.52E-05,5
openml_1219,0.658506794,0.003506419,5,0.623052836,0.002686771,5,13.8,1.095445115,5,3.941594803,0.026883237,5,1.840240555,0.26919563,5,0.010647928,0.001069852,5
openml_1461,0.850522755,0.010095737,5,0.793402161,0.004694272,5,10.6,2.701851217,5,3.343470087,0.376156874,5,0.084420177,0.006739629,5,0.001906702,7.46E-05,5
openml_1462,0.983740491,0.013854601,5,0.957607415,0.018148791,5,11.6,1.516575089,5,3.499636364,0.39606828,5,0.004323713,0.000896282,5,0.000516763,0.000245155,5
openml_1464,0.673148148,0.051617424,5,0.642105263,0.040669167,5,7.4,4.929503018,5,2.476,1.157099823,5,0.002017306,0.000192875,5,0.000406255,2.99E-05,5
openml_1467,0.781593715,0.038932228,5,0.749494949,0.060983672,5,5.6,1.673320053,5,2.574074074,0.364772511,5,0.002004152,0.000146272,5,0.000419872,2.04E-05,5
openml_1471,0.740054985,0.012890137,5,0.690204787,0.010972615,5,13.4,0.894427191,5,3.986648865,0.002497769,5,0.041829028,0.008211524,5,0.001044079,0.000353713,5
openml_1480,0.674698795,0.028088369,5,0.655421687,0.027591773,5,5.8,1.788854382,5,2.936752137,0.661513063,5,0.001932287,6.67E-05,5,0.000425853,4.39E-05,5
openml_1485,0.818850592,0.025309556,5,0.753846154,0.022344135,5,15.4,0.894427191,5,3.946923077,0.111311108,5,0.251937032,0.010879396,5,0.001394761,0.000188508,5
openml_1486,0.968244034,0.002597061,5,0.920420828,0.006280903,5,14.8,0.447213595,5,3.988219933,0.021313989,5,0.159509451,0.006529799,5,0.004369532,8.40E-05,5
openml_1487,0.841328947,0.03101437,5,0.778618421,0.025706316,5,8.2,2.949576241,5,2.947928994,0.584862679,5,0.018134048,0.012273533,5,0.000578197,5.01E-05,5
openml_1489,0.85575462,0.012633778,5,0.794365534,0.013299775,5,12.8,0.836660027,5,3.955226642,0.029621005,5,0.016792957,0.001364214,5,0.000617339,8.41E-05,5
openml_1494,0.838028169,0.021196559,5,0.785060362,0.023604952,5,10.6,2.408318916,5,3.572511848,0.371507758,5,0.006625939,0.002174089,5,0.000447706,2.30E-05,5
openml_15,0.960280797,0.022461668,5,0.940307971,0.015087029,5,10.6,3.361547263,5,3.331428571,0.717770073,5,0.001916351,8.37E-05,5,0.000408332,1.08E-05,5
openml_1504,0.946850394,0.00539097,5,0.946850394,0.00539097,5,5,0,5,2.90437018,0.05589117,5,0.00452359,0.004298165,5,0.000480273,1.71E-05,5
openml_151,0.794204777,0.044140125,5,0.726733425,0.047618251,5,11.2,5.215361924,5,3.487322079,0.694556424,5,0.03854444,0.015760774,5,0.001580095,0.000151036,5
openml_1510,0.962929894,0.022598467,5,0.93234127,0.024765847,5,10.6,2.302172887,5,3.489473684,0.465425073,5,0.002738646,0.000742723,5,0.000500184,0.000113566,5
openml_1590,0.841893323,0.034591372,5,0.785298018,0.015386246,5,14.4,1.816590212,5,3.978380592,0.029266384,5,0.053177242,0.014680276,5,0.002603053,0.000649442,5
openml_1597,0.936098231,0.009346495,5,0.908526215,0.010695222,5,6,1.732050808,5,2.982918437,0.65995521,5,6.242851955,0.835147187,5,0.008335799,0.001024663,5
openml_162,0.866464967,0.001021349,5,0.826585035,0.000922834,5,15.8,0.447213595,5,3.935814,0.143524259,5,1.514640816,0.179752773,5,0.017983393,0.001717596,5
openml_23512,0.706511865,0.003423857,5,0.657094415,0.002943529,5,14.8,0.447213595,5,3.957052524,0.012639894,5,0.986562549,0.04795731,5,0.003719668,0.000204395,5
openml_24,0.994570945,0.004401414,5,0.994064185,0.004497932,5,10,0,5,3.744738462,0.197423595,5,0.013155764,0.000224443,5,0.001061007,9.15E-05,5
openml_27,0.852324665,0.050972603,5,0.774862096,0.053712534,5,9.2,2.588435821,5,3.364864865,0.518732371,5,0.002051288,0.000329446,5,0.000410709,1.72E-05,5
openml_29,0.925058548,0.027882117,5,0.868809879,0.026804567,5,11.4,3.577708764,5,3.684057971,0.543299488,5,0.001870988,0.000258092,5,0.000433051,1.03E-05,5
openml_3,0.967344722,0.002859779,5,0.941593284,0.006605622,5,6.6,0.894427191,5,3.0703125,0.136680798,5,0.005505073,0.001020026,5,0.000612961,7.66E-05,5
openml_31,0.724035714,0.021455852,5,0.681904762,0.017053338,5,9.8,5.449770637,5,3.124,1.271305431,5,0.002854579,0.000430298,5,0.00044257,2.87E-05,5
openml_312,0.914608292,0.012622862,5,0.87434226,0.01098212,5,9.2,0.836660027,5,3.483817427,0.104038972,5,0.013717634,0.000518066,5,0.00087942,5.04E-05,5
openml_333,0.829017857,0.100604516,5,0.746428571,0.06846532,5,7.2,2.683281573,5,2.942857143,0.496182814,5,0.001742373,0.000293908,5,0.000429709,1.78E-05,5
openml_334,0.578719512,0.028531072,5,0.595609756,0.0405792,5,12.4,3.130495168,5,3.654545455,0.396237685,5,0.002009104,8.33E-05,5,0.000422341,2.71E-05,5
openml_335,0.990370852,0.005242171,5,0.986955107,0.005326035,5,7.2,1.788854382,5,2.745945946,0.446350713,5,0.001775667,0.000308527,5,0.000415426,1.53E-05,5
openml_37,0.782796296,0.02772011,5,0.72737037,0.027829396,5,9,3.240370349,5,3.331168831,0.484669687,5,0.00217412,0.000362394,5,0.000367247,3.05E-05,5
openml_4135,0.787819427,0.054094166,5,0.746751327,0.031381906,5,11.6,2.607680962,5,3.948458956,0.050548134,5,0.009498344,0.000206385,5,0.000954542,8.19E-05,5
openml_44,0.929043119,0.009547049,5,0.892468675,0.011037892,5,13.2,1.303840481,5,3.951140065,0.041302338,5,0.024101399,0.002094075,5,0.000803704,0.000106473,5
openml_4534,0.97422139,0.002522473,5,0.913862465,0.004276414,5,11,0.707106781,5,3.429217549,0.016338663,5,0.020109381,0.00262168,5,0.001053618,8.99E-05,5
openml_45557,0.825378133,0.022268634,5,0.788666811,0.014860993,5,8.6,1.516575089,5,3.319170984,0.394609848,5,0.001798962,0.000321849,5,0.000429585,1.16E-05,5
openml_45560,0.840652164,0.019171324,5,0.842671664,0.007131074,5,3,1,5,1.665774534,0.644100392,5,0.017600867,0.002908293,5,0.000874054,0.000105207,5
openml_50,0.87758806,0.044161868,5,0.782829851,0.045293284,5,13.2,1.095445115,5,3.617708333,0.132715447,5,0.002481589,0.000273227,5,0.000426951,3.84E-05,5
openml_55,0.71,0.103708995,5,0.664666667,0.146867287,5,9.4,2.302172887,5,3.55483871,0.365954911,5,0.001712581,9.29E-05,5,0.00038165,2.45E-05,5
openml_56,0.965482797,0.010434845,5,0.939345172,0.024914843,5,9,4.69041576,5,2.852873563,1.106001596,5,0.001650099,0.000237891,5,0.000412806,4.37E-05,5
openml_734,0.910782947,0.002092805,5,0.836775777,0.008275524,5,14.8,1.095445115,5,3.896072727,0.210717844,5,0.039720105,0.001761552,5,0.001073051,2.65E-05,5
openml_846,0.818403548,0.01098217,5,0.74487807,0.006383876,5,15.8,0.447213595,5,3.995301205,0.010506825,5,0.030288137,0.000449253,5,0.000934068,2.89E-05,5
