dataset,folder,json_path,gradtree__test__bal_acc_mean,gradtree__test__bal_acc_std,gradtree__test__bal_acc_n,gradtree__test__auroc_mean,gradtree__test__auroc_std,gradtree__test__auroc_n,gradtree__cx__depth_mean,gradtree__cx__depth_std,gradtree__cx__depth_n,gradtree__cx__leaves_mean,gradtree__cx__leaves_std,gradtree__cx__leaves_n,gradtree__cx__internal_mean,gradtree__cx__internal_std,gradtree__cx__internal_n,timing__final_fit_time_sec_mean,timing__final_fit_time_sec_std,timing__final_fit_time_sec_n
OpenML_1120_MagicTelescope,OpenML_1120_MagicTelescope,OpenML_1120_MagicTelescope/outer_split_summary_mean_std.json,0.7526054793623776,0.02107072049299033,5,0.8422988215212692,0.0020636110044747243,5,3.8,0.4472135954999579,5,14.4,3.5777087639996634,5,13.4,3.5777087639996634,5,35.297283669002354,7.367484366632584,5
OpenML_1219_Click_prediction_small,OpenML_1219_Click_prediction_small,OpenML_1219_Click_prediction_small/outer_split_summary_mean_std.json,0.5,0.0,5,0.5882991924996546,0.026922458152578974,5,2.0,1.0,5,4.8,3.0331501776206204,5,3.8,3.0331501776206204,5,358.77603626083584,42.585028169210254,5
OpenML_1461_bank-marketing,OpenML_1461_bank-marketing,OpenML_1461_bank-marketing/outer_split_summary_mean_std.json,0.5802987643419313,0.08035289663194752,5,0.827208186900533,0.021639986438633674,5,3.6,0.5477225575051661,5,12.8,4.381780460041329,5,11.8,4.381780460041329,5,115.26558113414794,124.54020970450686,5
OpenML_1462_banknote-authentication,OpenML_1462_banknote-authentication,OpenML_1462_banknote-authentication/outer_split_summary_mean_std.json,0.9600771456123433,0.018846061176338916,5,0.9714882674381228,0.018281364240158884,5,4.0,0.0,5,16.0,0.0,5,15.0,0.0,5,9.645659707859158,2.3742156862174664,5
OpenML_1464_blood-transfusion-service-center,OpenML_1464_blood-transfusion-service-center,OpenML_1464_blood-transfusion-service-center/outer_split_summary_mean_std.json,0.5963450292397661,0.03254935641856134,5,0.6982699805068225,0.05388900148840101,5,3.6,0.5477225575051661,5,12.8,4.381780460041329,5,11.8,4.381780460041329,5,16.828453154861926,9.328031775265986,5
OpenML_1471_eeg-eye-state,OpenML_1471_eeg-eye-state,OpenML_1471_eeg-eye-state/outer_split_summary_mean_std.json,0.6754108245762961,0.015871030237317625,5,0.7253314089241847,0.016753505900388724,5,4.0,0.0,5,16.0,0.0,5,15.0,0.0,5,51.47194824870676,45.13124618867044,5
OpenML_1489_phoneme,OpenML_1489_phoneme,OpenML_1489_phoneme/outer_split_summary_mean_std.json,0.649547046096421,0.09639107855713853,5,0.7772391695707467,0.08198086385361605,5,2.4,1.140175425099138,5,6.8,5.585696017507576,5,5.8,5.585696017507576,5,29.27389312181622,13.951219856489804,5
OpenML_1494_qsar-biodeg,OpenML_1494_qsar-biodeg,OpenML_1494_qsar-biodeg/outer_split_summary_mean_std.json,0.7588631790744467,0.03481393017835124,5,0.8200301810865191,0.039207436628948704,5,3.8,0.4472135954999579,5,14.4,3.5777087639996634,5,13.4,3.5777087639996634,5,27.61000957880169,7.945794975489168,5
OpenML_1504_steel-plates-fault,OpenML_1504_steel-plates-fault,OpenML_1504_steel-plates-fault/outer_split_summary_mean_std.json,0.8680402449693789,0.077096027534945,5,0.9084893554972295,0.03942738206847542,5,3.8,0.4472135954999579,5,14.4,3.5777087639996634,5,13.4,3.5777087639996634,5,13.055921193957328,9.030464501682074,5
OpenML_151_electricity,OpenML_151_electricity,OpenML_151_electricity/outer_split_summary_mean_std.json,0.7365015457968478,0.004269012135018241,5,0.7743545625424819,0.0330822558855414,5,3.0,1.224744871391589,5,10.0,6.0,5,9.0,6.0,5,180.120501075685,94.12982231906742,5
OpenML_1590_adult,OpenML_1590_adult,OpenML_1590_adult/outer_split_summary_mean_std.json,0.6869034524526125,0.054573911552555934,5,0.7098921886315609,0.08472696559411098,5,3.2,0.8366600265340756,5,10.4,5.366563145999495,5,9.4,5.366563145999495,5,145.78116146475077,146.25586374341376,5
OpenML_1597_creditcard,OpenML_1597_creditcard,OpenML_1597_creditcard/outer_split_summary_mean_std.json,0.7743737295143156,0.15465809303743489,5,0.7912893312220779,0.167172597258434,5,3.6,0.5477225575051661,5,12.8,4.381780460041329,5,11.8,4.381780460041329,5,315.8718691900373,98.34595145736691,5
OpenML_15_breast-w,OpenML_15_breast-w,OpenML_15_breast-w/outer_split_summary_mean_std.json,0.9271739130434782,0.0387359340895771,5,0.9707427536231885,0.014307267005999911,5,3.4,0.5477225575051661,5,11.2,4.381780460041329,5,10.2,4.381780460041329,5,7.673447734862566,2.9745574585549877,5
OpenML_162_SEA(50000),OpenML_162_SEA(50000),OpenML_162_SEA(50000)/outer_split_summary_mean_std.json,0.7693563543864703,0.046642181170628016,5,0.8151293551913528,0.06745352403059783,5,2.8,1.3038404810405297,5,9.2,6.572670690061994,5,8.2,6.572670690061994,5,1502.1110767617822,423.99091101819886,5
OpenML_23512_higgs,OpenML_23512_higgs,OpenML_23512_higgs/outer_split_summary_mean_std.json,0.6217302582300911,0.022210257529235562,5,0.6573329983456723,0.03096577496130758,5,3.4,0.8944271909999159,5,12.0,5.656854249492381,5,11.0,5.656854249492381,5,234.6353428984061,180.8223702346412,5
OpenML_24_mushroom,OpenML_24_mushroom,OpenML_24_mushroom/outer_split_summary_mean_std.json,0.9892558009725674,0.008141313313113874,5,0.9973765558498133,0.002520902731825932,5,4.0,0.0,5,16.0,0.0,5,15.0,0.0,5,23.9354465642944,19.93223395548279,5
OpenML_27_colic,OpenML_27_colic,OpenML_27_colic/outer_split_summary_mean_std.json,0.7715524034672969,0.05169313626782472,5,0.7866036249014972,0.06459053509620233,5,3.0,0.7071067811865476,5,8.8,4.381780460041329,5,7.8,4.3817804600413295,5,12.750732504017652,5.008215722097891,5
OpenML_31_credit-g,OpenML_31_credit-g,OpenML_31_credit-g/outer_split_summary_mean_std.json,0.605,0.04083697748559178,5,0.7081547619047619,0.016671289749969505,5,3.4,0.8944271909999159,5,12.0,5.656854249492381,5,11.0,5.656854249492381,5,8.478257426247001,2.5145846128586307,5
OpenML_37_diabetes,OpenML_37_diabetes,OpenML_37_diabetes/outer_split_summary_mean_std.json,0.6091851851851852,0.10474269538225395,5,0.6798518518518518,0.10673250604368327,5,1.8,1.3038404810405297,5,5.2,6.099180272790763,5,4.2,6.099180272790763,5,13.56152251213789,5.364742273238104,5
OpenML_3_kr-vs-kp,OpenML_3_kr-vs-kp,OpenML_3_kr-vs-kp/outer_split_summary_mean_std.json,0.8820652812023013,0.05765073288924477,5,0.9418672459003561,0.04400803534311217,5,3.8,0.4472135954999579,5,14.4,3.5777087639996634,5,13.4,3.5777087639996634,5,14.640348142758011,11.453604682336298,5
OpenML_40983_wilt,OpenML_40983_wilt,OpenML_40983_wilt/outer_split_summary_mean_std.json,0.7857154853879745,0.046688492462167844,5,0.8754324823647968,0.05590393111710243,5,3.8,0.4472135954999579,5,14.4,3.5777087639996634,5,13.4,3.5777087639996634,5,14.46540946289897,5.900219772146012,5
OpenML_4135_Amazon_employee_access,OpenML_4135_Amazon_employee_access,OpenML_4135_Amazon_employee_access/outer_split_summary_mean_std.json,0.531043423456144,0.06462592678610184,5,0.6614963306378387,0.13845269402279428,5,3.0,1.224744871391589,5,10.0,6.0,5,9.0,6.0,5,103.18740880507976,76.23391391290505,5
OpenML_44_spambase,OpenML_44_spambase,OpenML_44_spambase/outer_split_summary_mean_std.json,0.8227287538137977,0.030516205999854017,5,0.8802497111881277,0.04179066994556497,5,3.6,0.8944271909999159,5,13.6,5.366563145999495,5,12.6,5.366563145999495,5,21.74800921883434,7.27366004332823,5
OpenML_4534_PhishingWebsites,OpenML_4534_PhishingWebsites,OpenML_4534_PhishingWebsites/outer_split_summary_mean_std.json,0.9068315953513819,0.010683155946920908,5,0.949492531374857,0.023854284608485186,5,4.0,0.0,5,16.0,0.0,5,15.0,0.0,5,71.13484187368303,61.835371989851154,5
OpenML_45557_Mammographic-Mass-Data-Set,OpenML_45557_Mammographic-Mass-Data-Set,OpenML_45557_Mammographic-Mass-Data-Set/outer_split_summary_mean_std.json,0.7867221261884183,0.012514143393005588,5,0.8204840103716506,0.01777567889788462,5,3.4,0.8944271909999159,5,12.0,5.656854249492381,5,11.0,5.656854249492381,5,12.055880658701062,9.290854429774996,5
OpenML_55_hepatitis,OpenML_55_hepatitis,OpenML_55_hepatitis/outer_split_summary_mean_std.json,0.5553333333333333,0.09833615815151617,5,0.6333333333333334,0.10129714266015165,5,2.8,0.8366600265340756,5,8.0,4.898979485566356,5,7.0,4.898979485566356,5,7.546911574155092,1.3505191799803533,5
OpenML_56_vote,OpenML_56_vote,OpenML_56_vote/outer_split_summary_mean_std.json,0.9137069922308546,0.037538964577814984,5,0.95,0.014746921982835658,5,2.4,1.140175425099138,5,6.8,5.585696017507576,5,5.8,5.585696017507576,5,7.1695509379729625,2.6329104999993995,5
OpenML_846_elevators,OpenML_846_elevators,OpenML_846_elevators/outer_split_summary_mean_std.json,0.6620998757671083,0.034094199413672276,5,0.7105373624898242,0.033618173660924094,5,2.8,1.0954451150103321,5,8.4,4.979959839195493,5,7.4,4.979959839195493,5,54.38518014121801,47.88348427433653,5
