dataset,folder,json_path,mbndt__test__balanced_acc_mean,mbndt__test__balanced_acc_std,mbndt__test__balanced_acc_n,mbndt__cx__routable_leaves_mean,mbndt__cx__routable_leaves_std,mbndt__cx__routable_leaves_n,mbndt__cx__test_pathlen_mean_mean,mbndt__cx__test_pathlen_mean_std,mbndt__cx__test_pathlen_mean_n,mbndt_pp__test__balanced_acc_mean,mbndt_pp__test__balanced_acc_std,mbndt_pp__test__balanced_acc_n,mbndt_pp__test__aucroc_mean,mbndt_pp__test__aucroc_std,mbndt_pp__test__aucroc_n,mbndt_pp__cx__routable_leaves_mean,mbndt_pp__cx__routable_leaves_std,mbndt_pp__cx__routable_leaves_n,mbndt_pp__cx__test_pathlen_mean_mean,mbndt_pp__cx__test_pathlen_mean_std,mbndt_pp__cx__test_pathlen_mean_n,timing__final_fit_time_sec_mean,timing__final_fit_time_sec_std,timing__final_fit_time_sec_n,mbndt_pp__test__secs_mean,mbndt_pp__test__secs_std,mbndt_pp__test__secs_n
OpenML_1120_MagicTelescope,OpenML_1120_MagicTelescope,OpenML_1120_MagicTelescope/outer_split_summary_mean_std.json,0.79792,0.00236050841981132,5,110.4,48.634350000796765,5,3.6394321766561513,0.269280650551676,5,0.79796,0.0024306377763871154,5,0.87056,0.003713892836364571,5,77.0,26.61766330841233,5,3.5960567474365233,0.22593521194496705,5,75.54516215138138,11.849464083552048,5,0.07204,0.023624838623787465,5
OpenML_1219_Click_prediction_small,OpenML_1219_Click_prediction_small,OpenML_1219_Click_prediction_small/outer_split_summary_mean_std.json,0.6147,0.00970334993700631,5,44.6,50.421225689187686,5,3.516407374494662,0.471607429155611,5,0.6147,0.00970334993700631,5,0.63582,0.019084208131332023,5,19.0,17.406895185529212,5,3.0925316333770754,0.4274674716136191,5,729.357798599638,145.15052863456955,5,1.17436,0.2193756663807543,5
OpenML_1461_bank-marketing,OpenML_1461_bank-marketing,OpenML_1461_bank-marketing/outer_split_summary_mean_std.json,0.80702,0.007976026579694913,5,50.6,26.79178978717174,5,3.6245936083158243,0.368300791181614,5,0.80702,0.007976026579694913,5,0.8653000000000001,0.008051086883148116,5,19.0,4.69041575982343,5,3.303262138366699,0.23870387115471503,5,126.5011133139953,39.29209273981779,5,0.10616,0.01198553294601454,5
OpenML_1462_banknote-authentication,OpenML_1462_banknote-authentication,OpenML_1462_banknote-authentication/outer_split_summary_mean_std.json,0.99214,0.005264313820432825,5,69.4,11.436782764396638,5,3.0647272727272727,0.06692292347133684,5,0.99132,0.0053185524346385914,5,0.9981,0.0024989997999199493,5,37.4,5.683308895353129,5,2.9898181915283204,0.06887039602797083,5,27.630343717336654,4.071515863679313,5,0.00776,0.000944986772394196,5
OpenML_1464_blood-transfusion-service-center,OpenML_1464_blood-transfusion-service-center,OpenML_1464_blood-transfusion-service-center/outer_split_summary_mean_std.json,0.66578,0.053716170749598294,5,16.2,17.81010948871455,5,2.4533333333333336,0.9021825388098206,5,0.66578,0.053716170749598294,5,0.68994,0.05663923551743964,5,9.0,6.48074069840786,5,2.259999990463257,0.8306356488085758,5,15.450928601622582,3.9565203357536687,5,0.0035000000000000005,0.0003240370349203931,5
OpenML_1471_eeg-eye-state,OpenML_1471_eeg-eye-state,OpenML_1471_eeg-eye-state/outer_split_summary_mean_std.json,0.73984,0.003896536923987754,5,135.6,40.5006172792465,5,3.8459946595460615,0.10091224781391024,5,0.73986,0.00386626434688576,5,0.8059000000000001,0.00956896023609672,5,106.2,47.17202560840482,5,3.811615514755249,0.11850109206689337,5,79.88200666513293,5.951063847676224,5,0.049319999999999996,0.008168659620770107,5
OpenML_1489_phoneme,OpenML_1489_phoneme,OpenML_1489_phoneme/outer_split_summary_mean_std.json,0.79754,0.009134440322209118,5,50.2,34.142349069740355,5,3.393524514338575,0.37753462977951796,5,0.79754,0.009134440322209118,5,0.8618600000000001,0.013125661888072557,5,38.8,21.05231578710523,5,3.378908395767212,0.378954939682104,5,41.65662579610944,9.534584243769462,5,0.039999999999999994,0.024149327112778937,5
OpenML_1494_qsar-biodeg,OpenML_1494_qsar-biodeg,OpenML_1494_qsar-biodeg/outer_split_summary_mean_std.json,0.80304,0.03383567643774835,5,50.8,30.326556019436165,5,3.6881516587677723,0.4015787223291755,5,0.8023199999999999,0.03354932190074784,5,0.8276600000000001,0.03279996951218096,5,18.6,8.734987120768983,5,3.3601895809173583,0.4618361495017123,5,21.85872830748558,5.605656777427433,5,0.00524,0.0008706319543871565,5
OpenML_1504_steel-plates-fault,OpenML_1504_steel-plates-fault,OpenML_1504_steel-plates-fault/outer_split_summary_mean_std.json,0.9468799999999999,0.005395090360689072,5,122.2,77.9467767133446,5,3.7624678663239073,0.23475518727256042,5,0.9468799999999999,0.005395090360689072,5,0.9468799999999999,0.005395090360689072,5,11.2,5.495452665613635,5,3.511053991317749,0.2627860204670608,5,25.342614440619947,6.829572434627526,5,0.012199999999999999,0.005744127435912264,5
OpenML_151_electricity,OpenML_151_electricity,OpenML_151_electricity/outer_split_summary_mean_std.json,0.77412,0.0061973381382655155,5,82.4,62.827541731313985,5,3.7285004965243296,0.236763406761728,5,0.77412,0.0061973381382655155,5,0.8385999999999999,0.00938269684046115,5,49.0,31.496031496047245,5,3.5104931831359862,0.30551463478480223,5,169.21106804106384,27.571745501719786,5,0.18534,0.05850562366131995,5
OpenML_1590_adult,OpenML_1590_adult,OpenML_1590_adult/outer_split_summary_mean_std.json,0.79552,0.007636229436050203,5,101.0,54.74486277268398,5,3.571808782884635,0.36067748135415234,5,0.79552,0.007636229436050203,5,0.86728,0.011424184872453688,5,22.8,10.232301793829187,5,3.2575493812561036,0.49524668966688123,5,137.69315173272042,31.079923503396206,5,0.15572000000000003,0.013257714735202297,5
OpenML_1597_creditcard,OpenML_1597_creditcard,OpenML_1597_creditcard/outer_split_summary_mean_std.json,0.9140600000000001,0.009921088649941586,5,20.8,13.75499909123952,5,2.953909623959833,0.6289500528982834,5,0.9140600000000001,0.009921088649941586,5,0.94166,0.00823395409265803,5,16.6,11.349008767288886,5,2.7496400833129884,0.52286850183135,5,633.6882564354688,170.21565830527948,5,1.2330400000000001,0.4315075410696782,5
OpenML_15_breast-w,OpenML_15_breast-w,OpenML_15_breast-w/outer_split_summary_mean_std.json,0.94574,0.008056860430713667,5,41.2,30.28530997034701,5,2.9785714285714286,0.30186495155879195,5,0.9467399999999999,0.011426854335292816,5,0.9754400000000001,0.018093866364047233,5,18.2,7.694153624668538,5,2.6214285373687742,0.28882239143455013,5,20.328776817023755,5.205855121383229,5,0.0036199999999999995,0.0004147288270665544,5
OpenML_162_SEA(50000),OpenML_162_SEA(50000),OpenML_162_SEA(50000)/outer_split_summary_mean_std.json,0.8266600000000001,0.004219360141064044,5,35.6,24.774987386475093,5,3.3049479999999996,0.7492020682165794,5,0.8266600000000001,0.004219360141064044,5,0.8649000000000001,0.008918239736629668,5,35.4,24.388521890430344,5,3.3049479484558106,0.7492020499858075,5,1616.5484119171276,139.09814692402227,5,2.20754,0.27515898676946754,5
OpenML_24_mushroom,OpenML_24_mushroom,OpenML_24_mushroom/outer_split_summary_mean_std.json,0.9916,0.005628054726102084,5,56.4,45.648658249722956,5,3.699938461538461,0.35677625627474174,5,0.9916,0.005628054726102084,5,0.99774,0.0021184900282984797,5,8.6,2.073644135332772,5,3.2836922645568847,0.303418007391956,5,43.53635293096304,9.752633867791168,5,0.03538,0.008136768400292588,5
OpenML_27_colic,OpenML_27_colic,OpenML_27_colic/outer_split_summary_mean_std.json,0.78738,0.05458096737874842,5,19.8,5.167204273105526,5,3.505405405405406,0.5001460707013341,5,0.78738,0.05458096737874842,5,0.8064600000000001,0.02738517847303538,5,4.0,2.5495097567963922,5,1.662162184715271,0.8577622300362198,5,19.81294116899371,4.598699137327264,5,0.00332,0.0002588435821108957,5
OpenML_31_credit-g,OpenML_31_credit-g,OpenML_31_credit-g/outer_split_summary_mean_std.json,0.70286,0.033896061718140635,5,25.0,19.81161275615895,5,3.21,0.758880754796167,5,0.70286,0.033896061718140635,5,0.7274200000000001,0.03909356724577586,5,8.2,4.324349662087931,5,2.690999984741211,0.6589138697581004,5,23.909918691962957,4.583773228256771,5,0.0035199999999999997,0.0002949576240750526,5
OpenML_37_diabetes,OpenML_37_diabetes,OpenML_37_diabetes/outer_split_summary_mean_std.json,0.71082,0.03804335684452675,5,16.2,15.514509338035799,5,2.5844155844155847,0.424195487287781,5,0.71082,0.03804335684452675,5,0.73816,0.03182817933844158,5,11.8,7.52994023880668,5,2.519480514526367,0.4000495448101254,5,21.518251513689755,5.247002980927921,5,0.00574,0.003490415448051994,5
OpenML_3_kr-vs-kp,OpenML_3_kr-vs-kp,OpenML_3_kr-vs-kp/outer_split_summary_mean_std.json,0.9268599999999999,0.02379754188986751,5,61.8,39.92117232747555,5,3.7371875,0.11896259752281382,5,0.9268599999999999,0.02379754188986751,5,0.9639200000000001,0.022895239679898535,5,9.0,1.224744871391589,5,3.1971875190734864,0.2229491351875788,5,22.254417916387318,4.208762789623502,5,0.01114,0.0008648699324175862,5
OpenML_40983_wilt,OpenML_40983_wilt,OpenML_40983_wilt/outer_split_summary_mean_std.json,0.9187199999999999,0.020916428949512365,5,38.2,15.449919093639293,5,2.9264462809917355,0.28282720439507336,5,0.91862,0.020945214250515536,5,0.9410599999999999,0.023632244920870307,5,21.4,3.361547262794322,5,2.797520637512207,0.31231508213381237,5,32.668793364614245,3.801749010617025,5,0.017820000000000003,0.0011945710527214368,5
OpenML_44_spambase,OpenML_44_spambase,OpenML_44_spambase/outer_split_summary_mean_std.json,0.8656600000000001,0.012337463272488386,5,88.0,49.27981331133469,5,3.7407166123778497,0.20365528939525349,5,0.8653000000000001,0.012420346210955628,5,0.90446,0.022339606084262074,5,17.6,3.714835124201342,5,3.6,0.24485956647035287,5,28.61490840613842,6.23659096585213,5,0.01696,0.0009939818911831333,5
OpenML_45557_Mammographic-Mass-Data-Set,OpenML_45557_Mammographic-Mass-Data-Set,OpenML_45557_Mammographic-Mass-Data-Set/outer_split_summary_mean_std.json,0.7837799999999999,0.030583116257176926,5,16.0,10.931605554537724,5,3.077720207253886,1.0125391729676476,5,0.7837799999999999,0.030583116257176926,5,0.79926,0.04418379793544237,5,7.6,5.594640292279745,5,2.5243523359298705,1.2303621271292695,5,26.556436943262817,8.322549969541647,5,0.0038199999999999996,0.0007395944834840239,5
OpenML_55_hepatitis,OpenML_55_hepatitis,OpenML_55_hepatitis/outer_split_summary_mean_std.json,0.67468,0.12297565612754421,5,16.0,13.583077707206124,5,2.670967741935484,0.8671961348601234,5,0.67468,0.12297565612754421,5,0.7186600000000001,0.08533972111508213,5,6.8,3.6331804249169903,5,2.4,0.5128930828699836,5,10.729119870066643,2.385682023890852,5,0.0031399999999999996,0.00040373258476372693,5
OpenML_56_vote,OpenML_56_vote,OpenML_56_vote/outer_split_summary_mean_std.json,0.9549,0.012919945820319825,5,26.8,33.544000953970894,5,3.2206896551724133,0.5768580645029686,5,0.9549,0.012919945820319825,5,0.96648,0.01265650030616677,5,5.6,2.8809720581775866,5,2.285057473182678,0.7173279192390674,5,23.27496701851487,6.370953218726624,5,0.0033,0.0005830951894845299,5
