dataset,folder,json_path,test__auroc_mean,test__auroc_std,test__auroc_n,test__bal_acc_mean,test__bal_acc_std,test__bal_acc_n,cx__n_leaves_struct_mean,cx__n_leaves_struct_std,cx__n_leaves_struct_n,cx__test_pathlen_decisions_mean_mean,cx__test_pathlen_decisions_mean_std,cx__test_pathlen_decisions_mean_n,time__final_fit_time_mean,time__final_fit_time_std,time__final_fit_time_n,time__final_infer_time_mean,time__final_infer_time_std,time__final_infer_time_n
openml_1046,openml_1046,openml_1046/outer_reports_mean_std.json,0.9152424804750684,0.0039562626458373995,5,0.9152424804750684,0.003956262645837471,5,7.2,0.4472135954999579,5,2.9965262142167903,0.0020009431990987907,5,33.88513460420072,4.1239656511547444,5,0.015389013662934303,0.00019597657402783733,5
openml_1049,openml_1049,openml_1049/outer_reports_mean_std.json,0.5982204861111111,0.010217644445047082,5,0.5982204861111111,0.010217644445047082,5,6.0,1.4142135623730951,5,1.871232876712329,0.7508970678163852,5,5.118390258587897,3.6602026798038696,5,0.004973705857992172,0.0012390039496165367,5
openml_1050,openml_1050,openml_1050/outer_reports_mean_std.json,0.5518238434163701,0.01010856673099626,5,0.5518238434163701,0.010108566730996303,5,7.4,0.8944271909999159,5,2.824920127795527,0.38615480904330984,5,4.401046008430422,5.019624781920021,5,0.004902983456850052,0.0006559153836949687,5
openml_1053,openml_1053,openml_1053/outer_reports_mean_std.json,0.5516614904311786,0.01107693697568657,5,0.5516614904311787,0.011076936975686562,5,7.0,1.4142135623730951,5,2.6817638952687184,0.4361839124674099,5,26.93336713537574,29.79301691038443,5,0.012004270404577255,0.001075550423506174,5
openml_1063,openml_1063,openml_1063/outer_reports_mean_std.json,0.693921139101862,0.0463821798807532,5,0.6939211391018619,0.04638217988075326,5,4.4,2.073644135332772,5,1.7066666666666666,0.8339834199018599,5,1.1710373274981976,1.3917640843239787,5,0.004055659286677837,0.0010524412805214241,5
openml_1067,openml_1067,openml_1067/outer_reports_mean_std.json,0.5865546218487394,0.01911977114052727,5,0.5865546218487395,0.01911977114052728,5,7.2,1.0954451150103321,5,2.6464454976303315,0.4846142478358879,5,11.551838425174356,10.107502487363382,5,0.004797271080315113,0.0005425866635484436,5
openml_1068,openml_1068,openml_1068/outer_reports_mean_std.json,0.6327536231884058,0.04359538705692919,5,0.6327536231884058,0.04359538705692919,5,7.0,0.7071067811865476,5,2.8684684684684685,0.12374686363392094,5,6.809428123198449,2.5201708804350784,5,0.0044511593878269196,0.0006106857665557092,5
openml_1116,openml_1116,openml_1116/outer_reports_mean_std.json,0.9978505056207029,0.002127736468130813,5,0.9978505056207029,0.002127736468130813,5,2.8,1.0954451150103321,5,1.064848484848485,0.08879744492886783,5,10.464510884694755,10.232274509590637,5,0.007428154349327087,0.0008707149000354121,5
openml_1120,openml_1120,openml_1120/outer_reports_mean_std.json,0.7731205379711158,0.008480991341570281,5,0.7731205379711158,0.008480991341570305,5,7.8,0.44721359549995787,5,2.9967928496319667,0.007171406236986762,5,260.11625841781495,112.18885922643295,5,0.02094539552927017,0.0018960956050000338,5
openml_1219,openml_1219,openml_1219/outer_reports_mean_std.json,0.5127853475128253,0.0031397533115051016,5,0.5127853475128253,0.0031397533115051016,5,4.8,1.7888543819998317,5,1.6103833685870559,0.5504553300310189,5,1618.131943007186,1502.0386848993928,5,0.2571857623755932,0.05444178263854579,5
openml_1461,openml_1461,openml_1461/outer_reports_mean_std.json,0.6040981613682554,0.057660674573416844,5,0.6040981613682554,0.057660674573416885,5,6.4,1.3416407864998738,5,2.993564082715913,0.014391148544784583,5,5.834432074800134,3.0060140246237124,5,0.030389845743775366,0.002816004701003086,5
openml_1462,openml_1462,openml_1462/outer_reports_mean_std.json,0.9703685845923069,0.00849246045446668,5,0.9703685845923069,0.008492460454466754,5,7.4,0.8944271909999159,5,2.9265454545454546,0.14294193469452854,5,11.195115349069237,3.219955632150409,5,0.00463707409799099,0.000917538165898625,5
openml_1464,openml_1464,openml_1464/outer_reports_mean_std.json,0.6521929824561403,0.01604361478353062,5,0.6521929824561403,0.016043614783530565,5,6.4,1.3416407864998738,5,2.458666666666667,0.41948116101255906,5,2.258516812697053,1.41709841221854,5,0.0034680701792240143,0.00042976816077197524,5
openml_1467,openml_1467,openml_1467/outer_reports_mean_std.json,0.5676767676767678,0.06809759107346737,5,0.5676767676767677,0.06809759107346738,5,5.0,1.7320508075688772,5,1.8,0.7976033631000639,5,3.554786777310073,4.703842467387572,5,0.0032024720683693888,0.00034559568005505266,5
openml_1471,openml_1471,openml_1471/outer_reports_mean_std.json,0.6843174464501631,0.010717471779333979,5,0.6843174464501631,0.01071747177933397,5,8.0,0.0,5,3.0,0.0,5,94.71551527064294,81.95308617275657,5,0.01953066438436508,0.003651605929209175,5
openml_1480,openml_1480,openml_1480/outer_reports_mean_std.json,0.5587526576895818,0.03873092606944656,5,0.5587526576895818,0.03873092606944657,5,6.2,0.44721359549995787,5,2.464957264957265,0.301916347515451,5,2.787384516187012,2.8210837058605334,5,0.0034138493239879606,0.0005923076361027632,5
openml_1485,openml_1485,openml_1485/outer_reports_mean_std.json,0.7700000000000001,0.01674292219975303,5,0.77,0.01674292219975304,5,8.0,0.0,5,3.0,0.0,5,79.17130469102412,10.512933946267056,5,0.0118708873167634,0.0008971117135637183,5
openml_1486,openml_1486,openml_1486/outer_reports_mean_std.json,0.9213496750402979,0.004389586921262569,5,0.9213496750402976,0.0043895869212625775,5,7.6,0.5477225575051662,5,2.812911649499492,0.25618228094045187,5,138.71433297824115,128.69122891164062,5,0.034712282940745354,0.002225028904043353,5
openml_1487,openml_1487,openml_1487/outer_reports_mean_std.json,0.5816052631578947,0.0483313156777105,5,0.5816052631578946,0.04833131567771051,5,7.4,0.8944271909999159,5,2.824852071005917,0.37211361305046514,5,12.341532839089632,16.565744665168154,5,0.0059641264379024506,0.001056424733324259,5
openml_1489,openml_1489,openml_1489/outer_reports_mean_std.json,0.7566530959419955,0.021975040328003626,5,0.7566530959419955,0.021975040328003643,5,7.6,0.5477225575051662,5,2.8688251618871417,0.1814673968711335,5,12.976244935393334,13.705513026338654,5,0.007746560871601105,0.0013412325469874524,5
openml_1494,openml_1494,openml_1494/outer_reports_mean_std.json,0.7772937625754527,0.025742946300620025,5,0.7772937625754527,0.02574294630062004,5,6.8,1.0954451150103321,5,2.634123222748815,0.24915120616347597,5,3.8664923273026943,4.469343663274048,5,0.005009454116225243,0.001993948716256588,5
openml_15,openml_15,openml_15/outer_reports_mean_std.json,0.9471014492753623,0.022589152326394073,5,0.9471014492753623,0.02258915232639409,5,5.2,0.4472135954999579,5,2.072857142857143,0.07343607521414226,5,0.9421866778284311,0.47598391112554594,5,0.002769334800541401,0.00020630538776886004,5
openml_1504,openml_1504,openml_1504/outer_reports_mean_std.json,0.8791338582677165,0.015030400920331529,5,0.8791338582677165,0.015030400920331529,5,4.0,0.0,5,2.6251928020565556,0.01793968773508278,5,2.3697258669883015,2.581254436443418,5,0.003943982906639576,0.00031952277876721953,5
openml_151,openml_151,openml_151/outer_reports_mean_std.json,0.7926405469190703,0.0036642679796978126,5,0.7926405469190703,0.0036642679796978126,5,8.0,0.0,5,3.0,0.0,5,180.12979724202305,20.47961723091554,5,0.042586511187255385,0.003962908791616538,5
openml_1510,openml_1510,openml_1510/outer_reports_mean_std.json,0.9452380952380952,0.02140881290714694,5,0.9452380952380952,0.02140881290714692,5,6.2,1.6431676725154984,5,2.526315789473684,0.4347197085390831,5,5.416696977429092,6.865172760462129,5,0.0034804318100214006,0.00044189662966751214,5
openml_1590,openml_1590,openml_1590/outer_reports_mean_std.json,0.5539993604117678,0.049358271537613685,5,0.5539993604117678,0.04935827153761367,5,4.4,0.5477225575051662,5,2.7066639369433925,0.36777740402061776,5,18.358987655676902,15.255637120647586,5,0.03737358823418617,0.007679073248784233,5
openml_1597,openml_1597,openml_1597/outer_reports_mean_std.json,0.8651408157523,0.01857805873677027,5,0.8651408157522997,0.018578058736770278,5,4.6,1.816590212458495,5,1.422569432253081,0.5362717117764795,5,251.49966740403323,55.9765324721606,5,0.1204438416287303,0.019476796873523723,5
openml_162,openml_162,openml_162/outer_reports_mean_std.json,0.8101251266736309,0.007039127940725718,5,0.8101251266736309,0.00703912794072572,5,6.2,1.0954451150103321,5,2.4627209999999997,0.21157697161435132,5,8974.474098839612,11904.376465987825,5,0.9746281752362848,0.2684816577725725,5
openml_23512,openml_23512,openml_23512/outer_reports_mean_std.json,0.6556395094465739,0.0033097847337606803,5,0.6556395094465739,0.003309784733760713,5,7.4,0.5477225575051662,5,2.924936257011729,0.09491706212150741,5,2455.68196678292,1320.5762268297954,5,0.11392611563205719,0.012648363497591361,5
openml_24,openml_24,openml_24/outer_reports_mean_std.json,0.9984674329501916,0.0009684387540295316,5,0.9984674329501916,0.0009684387540295316,5,7.0,0.0,5,2.952,0.00466638488864706,5,5.542682502046228,3.9539083234768544,5,0.008862660452723502,0.00024359574653926608,5
openml_27,openml_27,openml_27/outer_reports_mean_std.json,0.7663514578408195,0.04933955857165405,5,0.7663514578408195,0.049339558571654035,5,4.6,2.3021728866442674,5,1.9189189189189189,0.7072358977367311,5,0.6974569812417031,0.24394729907966167,5,0.00359928123652935,0.00028229433612223605,5
openml_29,openml_29,openml_29/outer_reports_mean_std.json,0.8698105173515011,0.0303798522383295,5,0.8698105173515011,0.03037985223832953,5,2.0,0.0,5,1.0,0.0,5,0.7010828007012606,0.24207853947425104,5,0.0031205816194415092,0.0003421859884505757,5
openml_3,openml_3,openml_3/outer_reports_mean_std.json,0.9400962780321709,0.006788249053485369,5,0.9400962780321709,0.006788249053485404,5,6.0,0.0,5,2.6865625,0.015092488301304049,5,1.1638731962069868,0.48147763142510835,5,0.005251735635101795,0.00010717295912468085,5
openml_31,openml_31,openml_31/outer_reports_mean_std.json,0.5145238095238095,0.02327373340628157,5,0.5145238095238095,0.023273733406281593,5,6.4,1.3416407864998738,5,2.684,0.22077703684939698,5,0.5234182577580213,0.25264936479393324,5,0.003633602149784565,0.00013151866689109309,5
openml_312,openml_312,openml_312/outer_reports_mean_std.json,0.7716466995536763,0.024281521510400837,5,0.7716466995536763,0.024281521510400802,5,5.0,1.224744871391589,5,2.2900414937759335,0.40191279193724416,5,28.109102790243924,19.04610384605041,5,0.00661349818110466,0.0003635951441893686,5
openml_333,openml_333,openml_333/outer_reports_mean_std.json,0.8392857142857142,0.06681531047810603,5,0.8392857142857142,0.06681531047810607,5,6.2,1.0954451150103321,5,2.7464285714285714,0.20090277753283603,5,0.7965008709579706,0.3699189656673311,5,0.0028159299865365027,3.211798376296644e-05,5
openml_334,openml_334,openml_334/outer_reports_mean_std.json,0.5190548780487805,0.04710131515995851,5,0.5190548780487805,0.04710131515995853,5,4.6,0.8944271909999159,5,1.7388429752066117,0.4396352438092375,5,0.5819442776963115,0.30252557940523267,5,0.003154399059712887,0.0003493745855469003,5
openml_335,openml_335,openml_335/outer_reports_mean_std.json,0.9869551073519844,0.005326035325497233,5,0.9869551073519844,0.005326035325497233,5,5.0,0.0,5,2.09009009009009,0.028488987929444848,5,0.7465099731460214,0.4854175428077134,5,0.0027941636741161346,0.00014729421411429448,5
openml_37,openml_37,openml_37/outer_reports_mean_std.json,0.6963703703703705,0.04235614725015177,5,0.6963703703703705,0.04235614725015181,5,6.8,1.3038404810405297,5,2.6714285714285717,0.30030624724086924,5,4.347602263465523,3.6712077239352148,5,0.0045552697032690045,0.000680979364532498,5
openml_4135,openml_4135,openml_4135/outer_reports_mean_std.json,0.5343501864057343,0.009364918106501476,5,0.5343501864057343,0.009364918106501448,5,5.8,0.4472135954999579,5,2.1822093378089717,0.019379101232290828,5,3.713925324752927,1.6008577902011782,5,0.023028827272355556,0.0029348867325767708,5
openml_44,openml_44,openml_44/outer_reports_mean_std.json,0.8911238484552266,0.013235666358442689,5,0.8911238484552266,0.013235666358442642,5,8.0,0.0,5,3.0,0.0,5,26.918432522937657,24.457126318274277,5,0.007529264129698276,0.0010088421587375316,5
openml_4534,openml_4534,openml_4534/outer_reports_mean_std.json,0.9209595649795256,0.006871884018099665,5,0.9209595649795256,0.0068718840180997005,5,7.0,0.0,5,2.879059249208503,0.007585708040246706,5,2.33312301710248,2.189274633833773,5,0.010696277022361755,0.00011199932935394166,5
openml_45557,openml_45557,openml_45557/outer_reports_mean_std.json,0.784485738980121,0.007863116587926891,5,0.784485738980121,0.007863116587926891,5,4.6,1.3416407864998738,5,2.1979274611398965,0.5017005097003546,5,0.4798509681597352,0.2798730657994768,5,0.003076867014169693,0.000278522566112818,5
openml_45560,openml_45560,openml_45560/outer_reports_mean_std.json,0.543831837686286,0.029327664763302893,5,0.543831837686286,0.029327664763302924,5,6.6,2.073644135332772,5,2.5201946472019463,0.8351518943390696,5,1.530953468568623,0.4692296969982875,5,0.009847915731370449,0.0014818318324237307,5
openml_50,openml_50,openml_50/outer_reports_mean_std.json,0.7039402985074628,0.052888328745032555,5,0.7039402985074628,0.052888328745032576,5,7.8,0.44721359549995787,5,2.917708333333333,0.18400976064842026,5,0.4410670895129442,0.26485936728717685,5,0.003365071304142475,0.0004812651406319021,5
openml_55,openml_55,openml_55/outer_reports_mean_std.json,0.6726666666666666,0.0814930126520741,5,0.6726666666666666,0.0814930126520741,5,7.0,1.224744871391589,5,2.941935483870968,0.08032193289024982,5,1.0744581621140241,1.0198067437479434,5,0.0030178284272551537,0.00024363237319444177,5
openml_56,openml_56,openml_56/outer_reports_mean_std.json,0.9519422863485018,0.01809560552540844,5,0.9519422863485015,0.01809560552540835,5,2.4,0.8944271909999161,5,1.0988505747126438,0.22103660467239297,5,0.7355145273730159,0.804310599830427,5,0.0028480082750320435,0.00018628271332935703,5
openml_734,openml_734,openml_734/outer_reports_mean_std.json,0.836520869068039,0.0032995512431503254,5,0.836520869068039,0.003299551243150368,5,7.6,0.5477225575051662,5,2.894981818181818,0.14384711810957412,5,41.19286930374801,22.573220892173282,5,0.017969862557947636,0.002007364077305899,5
openml_846,openml_846,openml_846/outer_reports_mean_std.json,0.7248799733519597,0.0057902134417874415,5,0.7248799733519597,0.005790213441787445,5,7.8,0.4472135954999579,5,2.988253012048193,0.026267063591112014,5,60.78811643123627,27.340561838108574,5,0.017249239049851893,0.0013750558161751086,5
